No.,Job_ID,Sequence_Length,Sequence
1,Me_1021AAAsresult_proc0006_0083,13,KYYTeNYNRiHAA
2,Me_1078AAAsresult_proc0017_0014,13,PYwWPCTTKGPAA
3,Me_1025AAAsresult_proc0010_0055,13,LHGPHYPVTAAAA
4,Me_1435AAAsresult_proc0002_0025,13,sYYVLEECtAAAA
5,pdb_20260109100303_top1_methy_seq_67_result_0473,13,ILMHPEFFQVVAA
6,pdb_20260105103319_top1_methy_seq_7_result_0003,13,RhTQLCTrDdAAA
7,pdb_20260109100303_top1_methy_seq_72_result_0626,13,IQPTQPLAAAAAA
8,pdb_20260109100303_top1_methy_seq_20_result_0122,13,HGtEGtGKthesR
9,Me_1033AAAsresult_proc0002_0055,12,NFdwTNPVAAAA
10,pdb_20260117024632_top1_methy_seq_29_result_0610,12,YtLLGhPQQGdD
11,pdb_20260105103319_top1_methy_seq_67_result_0202,12,NMHFMFtrQAAA
12,Me_1325AAAsresult_proc0007_0010,12,VTYLIFCFHAAA
13,Me_1084AAAsresult_proc0012_0017,12,TQFGtAVPcmAA
14,Me_1271AAAsresult_proc0016_0004,12,NMKIRMYtAAAA
15,pdb_20260105103319_top1_methy_seq_21_result_0484,12,AHVrVRtMEEAA
16,Me_1281AAAsresult_proc0017_0007,12,RdtKTTWYVhLA
17,pdb_20260105103319_top1_methy_seq_40_result_0114,12,vNiKLMHCMPEE
18,pdb_20260105103319_top1_methy_seq_1_result_0439,12,yAALRRrMtLLA
19,pdb_20260121180800_top1_methy_seq_24_result_0478,12,cPPMAKKiNYKK
20,pdb_20260105103319_top1_methy_seq_71_result_0463,12,DGHNAMYFTMMA
21,Me_1327AAAsresult_proc0014_0008,12,dNKNHtCFcAAA
22,Me_107AAAsresult_proc0002_0021,12,vWtCGFEAAAAA
23,Me_1425AAAsresult_proc0002_0006,12,WWPRRvFQYcMA
24,Me_1229AAAsresult_proc0009_0001,12,VAPKmTYiFHAA
25,Me_1138AAAsresult_proc0005_0014,13,TIKADLDGAAAAA
26,pdb_20260117024632_top1_methy_seq_23_result_0171,13,TFsMYEFPLKHiI
27,pdb_20260116152215_top1_methy_seq_2_result_0063,13,LNFYtDcHHAAAA
28,Me_1369AAAsresult_proc0003_0011,13,CTYIDPCWAAAAA
29,pdb_20260121180800_top1_methy_seq_80_result_0655,13,VNDAPTPLHTLLA
30,Me_1047AAAsresult_proc0005_0046,13,LQCiwFPETMNAA
31,Me_1370AAAsresult_proc0007_0033,13,HEvYtwEHAAAAA
32,pdb_20260105103319_top1_methy_seq_4_result_0450,13,IYYTKHtHKYWvT
33,pdb_20260105103319_top1_methy_seq_79_result_0099,13,KKdTWGMTYRfhH
34,Me_1104AAAsresult_proc0001_0002,13,MAMMVcTPPQAAA
35,pdb_20260121180800_top1_methy_seq_63_result_0524,13,tGFFEQNGFFHcc
36,pdb_20260121180800_top1_methy_seq_36_result_0143,13,QVYYGWImYYAAA
37,pdb_20260105103319_top1_methy_seq_69_result_0459,13,KGKVMVYVRRAAA
38,Me_1416AAAsresult_proc0006_0012,13,dILQLAMcKNtAA
39,pdb_20260105103319_top1_methy_seq_35_result_0188,13,HdwtHCNfLLAAA
40,pdb_20260109100303_top1_methy_seq_30_result_0935,13,RAARAReLKlhhA
41,pdb_20260117024632_top1_methy_seq_0_result_0478,12,CtfYVKVWcPdd
42,Me_1392AAAsresult_proc0002_0024,12,WHHPLGRGAAAA
43,Me_1182AAAsresult_proc0017_0039,12,PIWLHNPVdLMA
44,Me_113AAAsresult_proc0004_0051,12,LEMNMNGAAAAA
45,Me_1225AAAsresult_proc0007_0011,12,MNFYALTPdAAA
46,Me_1123AAAsresult_proc0014_0037,12,FCRtMYCKAAAA
47,pdb_20260117024632_top1_methy_seq_34_result_0532,12,fAeYWAVCINNA
48,Me_1234AAAsresult_proc0011_0040,12,PdEHCKEPAAAA
49,pdb_20260105103319_top1_methy_seq_24_result_0205,13,EFNiEwwwITIPP
50,Me_1110AAAsresult_proc0003_0012,13,dcQFHCPlwQtAA
51,Me_1134AAAsresult_proc0009_0020,13,AFlCHEKRtAIAA
52,pdb_20260105103319_top1_methy_seq_42_result_0029,13,vTYMLVAwGYdDA
53,pdb_20260109100303_top1_methy_seq_75_result_0443,13,dHHKANPVQMPAA
54,pdb_20260105103319_top1_methy_seq_93_result_0369,13,DPrsQMRttAAAA
55,Me_1077AAAsresult_proc0003_0002,13,HFDARCGHMAAAA
56,Me_100AAAsresult_proc0006_0055,13,EVLNVPAAAAAAA
57,Me_1194AAAsresult_proc0001_0023,13,VYGTMKNFWfQAA
58,pdb_20260109100303_top1_methy_seq_60_result_0792,13,ITMGhEGeEAAAA
59,pdb_20260121180800_top1_methy_seq_92_result_0192,13,FWKWRAKWytsiI
60,pdb_20260117024632_top1_methy_seq_27_result_0395,13,cMPGAWwcVAMMA
61,Me_1043AAAsresult_proc0013_0065,13,fhtDKWDwPCAAA
62,Me_1247AAAsresult_proc0009_0007,13,ihtsMAQLtAAAA
63,Me_1112AAAsresult_proc0015_0043,13,WdctKWTFFAAAA
64,Me_128AAAsresult_proc0012_0047,13,rMQIPHEHAAAAA
65,pdb_20260105103319_top1_methy_seq_97_result_0191,12,LDPEPFTPttAA
66,Me_1422AAAsresult_proc0013_0012,12,HIAYTYCNNAAA
67,pdb_20260117024632_top1_methy_seq_33_result_0543,12,DTWWMLNQQAAA
68,pdb_20260121180800_top1_methy_seq_48_result_0288,12,TfvrGYHGtKDD
69,Me_1209AAAsresult_proc0009_0021,12,TIDCsGAEVAAA
70,pdb_20260109100303_top1_methy_seq_21_result_0011,12,YGMTVPhCcAAA
71,Me_1331AAAsresult_proc0011_0001,12,CAGPvRLTAAAA
72,Me_1080AAAsresult_proc0010_0022,12,RLWtnIGVAAAA
73,pdb_20260109100303_top1_methy_seq_58_result_0037,10,QhYGVNNQii
74,Me_1205AAAsresult_proc0002_0023,10,PGHLTtTAPA
75,Me_1052AAAsresult_proc0011_0039,10,FWLVLKACAA
76,pdb_20260121180800_top1_methy_seq_39_result_0347,10,ETEmhNhELl
77,pdb_20260109100303_top1_methy_seq_10_result_0537,10,EGWvYVTRsA
78,Me_1088AAAsresult_proc0001_0007,10,IVEGtPFtAA
79,Me_1376AAAsresult_proc0012_0022,10,IPTTKNCNMA
80,pdb_20260121180800_top1_methy_seq_66_result_0820,10,cFDtIPAttA
81,pdb_20260121180800_top1_methy_seq_75_result_0737,13,MAEWQGELLAAAA
82,pdb_20260117024632_top1_methy_seq_30_result_0861,13,dDATCQtFLLAAA
83,pdb_20260109100303_top1_methy_seq_56_result_0902,13,LIwCHFFTYLWAA
84,Me_1311AAAsresult_proc0013_0024,13,IwWTVQVEmdAAA
85,pdb_20260105103319_top1_methy_seq_33_result_0433,13,EGQKIKMPPAAAA
86,Me_1059AAAsresult_proc0008_0012,13,tQMDFWGQAAAAA
87,Me_1299AAAsresult_proc0006_0010,13,YAPPQAWIAeAAA
88,pdb_20260121180800_top1_methy_seq_29_result_0335,13,MciNRMreEAAAA
89,Me_1048AAAsresult_proc0010_0065,13,sNLAHVcTAAAAA
90,pdb_20260105103319_top1_methy_seq_92_result_0145,13,QtPKRNrHeMMAA
91,pdb_20260117024632_top1_methy_seq_50_result_0176,13,vPTeFYFEEAAAA
92,Me_121AAAsresult_proc0009_0056,13,ECCWYMAAAAAAA
93,pdb_20260109100303_top1_methy_seq_22_result_0845,13,WGiPhYHLMNttA
94,Me_1387AAAsresult_proc0001_0006,13,AAtPIPLTMYAAA
95,pdb_20260109100303_top1_methy_seq_0_result_0489,13,yKcPTYDIPwQHH
96,Me_123AAAsresult_proc0002_0036,13,iMIFtcHYAAAAA
97,Me_1408AAAsresult_proc0013_0022,13,CYPFIWYTsRFAA
98,pdb_20260105103319_top1_methy_seq_90_result_0201,13,DihFKPACcCAAA
99,pdb_20260109100303_top1_methy_seq_83_result_0325,13,WDGHYCANNAAAA
100,Me_1324AAAsresult_proc0005_0006,13,PfmDPtKWPAAAA
101,Me_1049AAAsresult_proc0004_0027,13,sdrRciVVAAAAA
102,Me_1428AAAsresult_proc0005_0005,13,vQGENLQYAAAAA
103,pdb_20260105103319_top1_methy_seq_88_result_0440,13,tYwHcmPVPWEAA
104,Me_1064AAAsresult_proc0001_0014,13,HLIKCRcAWAAAA
105,Me_1120AAAsresult_proc0008_0044,13,LYTGACPvRFAAA
106,pdb_20260109100303_top1_methy_seq_98_result_0490,13,EAYcLwLDdAAAA
107,pdb_20260105103319_top1_methy_seq_18_result_0035,13,sChtEFEAtWRGG
108,pdb_20260105103319_top1_methy_seq_22_result_0403,13,YLHDLWRQQAAAA
109,Me_1189AAAsresult_proc0002_0005,13,ERdAFTVVLAAAA
110,pdb_20260109100303_top1_methy_seq_38_result_0874,13,NAGcGGPNrGNKK
111,Me_1042AAAsresult_proc0017_0102,13,dThLDHAcAAAAA
112,Me_1002AAAsresult_proc0002_0072,13,IRPKNtTVAAAAA
113,pdb_20260121180800_top1_methy_seq_87_result_0791,13,GWtwittTwiGMM
114,pdb_20260109100303_top1_methy_seq_93_result_0759,13,IGCmFQWCCAAAA
115,Me_1100AAAsresult_proc0016_0036,13,RRcPFNNMWHAAA
116,Me_1207AAAsresult_proc0003_0015,13,twFLEAWlAAAAA
117,Me_1360AAAsresult_proc0011_0001,13,yQFDPtMVAAAAA
118,Me_1222AAAsresult_proc0013_0053,13,wDdPRYENPAAAA
119,Me_1151AAAsresult_proc0001_0015,13,KsdQWQKhAtAAA
120,Me_1145AAAsresult_proc0014_0012,13,WWTicGWcQAtAA
121,Me_1338AAAsresult_proc0016_0005,11,hQFGtFWNDVA
122,pdb_20260121180800_top1_methy_seq_62_result_0946,11,HFCAKFNhHAA
123,Me_112AAAsresult_proc0015_0021,11,GATTKMAAAAA
124,Me_1283AAAsresult_proc0010_0019,11,LtQCAHACAAA
125,Me_1185AAAsresult_proc0002_0012,11,CGitAIAGImt
126,Me_1218AAAsresult_proc0006_0005,11,FMTiLVMPYKN
127,Me_1398AAAsresult_proc0012_0021,11,YAAAVhQGQAA
128,pdb_20260109100303_top1_methy_seq_40_result_0893,11,HRFKNDMWLLA
129,Me_1295AAAsresult_proc0015_0007,13,FVGAIGYNIFeAA
130,pdb_20260109100303_top1_methy_seq_90_result_0181,13,GcQttWWGfLLAA
131,pdb_20260121180800_top1_methy_seq_76_result_0567,13,KtTItLMIwVAAA
132,Me_1213AAAsresult_proc0008_0019,13,LYViLEtQvHeAA
133,pdb_20260109100303_top1_methy_seq_42_result_1000,13,AGVWvsWRMhIfF
134,Me_1090AAAsresult_proc0009_0009,13,RFLwCTFNeAAAA
135,Me_1204AAAsresult_proc0014_0045,13,hRQPMRWEAAAAA
136,Me_1246AAAsresult_proc0004_0008,13,PFYDVrRDAAAAA
137,Me_1099AAAsresult_proc0002_0026,13,RWIMMAQANeAAA
138,Me_1040AAAsresult_proc0005_0012,13,PRNCFiDyKvNAA
139,pdb_20260105103319_top1_methy_seq_76_result_0484,13,WwvLKPiKHRRAA
140,Me_1093AAAsresult_proc0002_0026,13,GMLTYKLRNeIAA
141,Me_1263AAAsresult_proc0003_0005,13,wTELMRthWEAAA
142,Me_1014AAAsresult_proc0011_0075,13,QiwVKQtYLRdAA
143,pdb_20260121180800_top1_methy_seq_27_result_0103,13,LcwMWCWRtWGRR
144,Me_1258AAAsresult_proc0005_0021,13,PQcTIQHYAAAAA
145,pdb_20260121180800_top1_methy_seq_23_result_0787,13,VsdVDAfWYVHGG
146,Me_1056AAAsresult_proc0017_0109,13,DTCKGcyLTAtAA
147,pdb_20260109100303_top1_methy_seq_31_result_0453,13,EtWQrWsLLAAAA
148,Me_1343AAAsresult_proc0008_0013,13,WEAFAEKQKAAAA
149,pdb_20260105103319_top1_methy_seq_23_result_0284,13,iPDGFsLPEGVKK
150,pdb_20260121180800_top1_methy_seq_68_result_0899,13,iwTvFKEFAAAAA
151,pdb_20260117024632_top1_methy_seq_5_result_0921,13,GtcNHVGAKKAAA
